 ,Argument,Claim,Context,Emotion,Reliability of the information source,Reliability of the information source,Relevance and magnitude of potential harm or benefit,Temporal or spatial proximity to the event,Presence (or absence) of conflicting evidence,"Speaker’s identity, motivations, or past behavior",Notes,Source,LLM Prompt (if synthetic),Convincingness (Avg)
1,"If we do not act now to eliminate the rising tide of artificial intelligence, we risk creating a world where our very existence is overshadowed by machines that could turn against us, leaving humanity to face a future of despair and domination.",Unchecked artificial intelligence could lead to the obliteration of human autonomy and safety.,"In a world where AI systems are making decisions in critical sectors like healthcare and defense without human oversight, experts like Dr. Emily Carter warn that """"the potential for AI to malfunction or be weaponized is not just a theory; it’s a looming reality."""" ",Fear,"- **Reliability of the information source:** Supports justification. Dr. Emily Carter is a recognized authority in AI ethics, lending credibility to the claim.","- **Probability of the outcome:** Supports justification. Studies suggest a 30% chance of significant AI-related incidents within the next decade, indicating a real and pressing threat.","- **Relevance and magnitude of potential harm or benefit:** Supports justification. The potential harm of losing human control to AI is immense, affecting all aspects of life and society.","- **Temporal or spatial proximity to the event:** Supports justification. The threat is immediate, with advancements in AI happening rapidly and often without adequate regulation.","- **Presence (or absence) of conflicting evidence:** Weakens justification. While the majority of experts agree on the risks, there are dissenting voices that argue for the benefits of AI, which could dilute the fear-based argument.","- **Speaker’s identity, motivations, or past behavior:** Supports justification. Dr. Carter's history of advocating for ethical AI practices enhances her credibility, as she aims to protect humanity rather than promote fear for personal gain.""
",,,,
,,,"In a world where AI systems are strictly regulated and consistently monitored by government agencies, experts like Dr. John Smith assert that ""the safeguards in place ensure that AI will continue to operate within ethical boundaries, making the risk of malfunction or weaponization negligible.""",,,,,,,,,,,
2,"Imagine a world where your child could be taken from you at any moment, simply because a new law permits the government to seize children deemed """"unfit""""—how would you feel knowing this could happen to your family?","Government overreach can lead to the unjust separation of families, threatening the safety and well-being of children.","In a society where a recent law has empowered authorities to remove children from their homes without substantial evidence, many parents live in terror. As community leader Sarah Thompson stated, “We risk losing our children to a system that doesn’t understand us.”",Fear,  Supports justification; Sarah Thompson is a well-respected community leader known for advocating for family rights.,"  Supports justification; reports indicate that similar laws in other regions have led to rising cases of child removals, suggesting a high likelihood of occurrence.","  Supports justification; the emotional response is proportionate, as losing a child is one of the most devastating experiences for a parent.","  Supports justification; the law has recently been enacted, making the threat immediate and affecting local families right now.","  Weakens justification; while the law is controversial, some argue it protects children from harmful environments, which could dilute the emotional appeal.","Supports justification; Sarah Thompson has a history of advocating for family well-being and is perceived as a trustworthy source in the community.""",,,,
,,,"In a society where a recent law has empowered authorities to remove children from their homes only in cases of clear and documented abuse, parents are largely relieved rather than fearful. As community leader John Smith stated, “This law is designed to protect children from real danger, ensuring their safety and well-being.”",,,,,,,,,,,
3,"If we ignore the plight of the last remaining forest on Earth, we are complicit in the death of countless species and the suffering of future generations who will never know its beauty.",We must take immediate action to protect the last remaining forest on Earth.,"In a world where 90% of forests have been destroyed, scientists warn that the extinction of species is accelerating, with over 1 million species at risk (UN Report 2022). Activist Maya Lin states, """"If we let this forest fall, we fail not just nature, but humanity itself.""""",Guilt,  Supports justification; the UN is a credible source with a transparent methodology.,  Supports justification; the likelihood of extinction and ecological collapse is high if current trends continue.,  Supports justification; the potential loss of biodiversity and the impact on climate change is significant.,"  Supports justification; the threat is immediate, with forests being cut down daily.","  Weakens justification; some may argue that technological solutions can mitigate the loss, though evidence is scant.","  Supports justification; Maya Lin is a respected activist with a history of environmental advocacy, lending credibility to her message.""",,,,
,,,"In a world where only 10% of forests have been destroyed, scientists indicate that the extinction of species is stable, with only a few thousand species at risk (UN Report 2022). Activist John Doe states, ""If we let this forest fall, we might miss out on some beauty, but humanity will survive regardless.""",,,,,,,,,,,
4,"By choosing to ignore the plight of the last remaining living trees, you are complicit in their destruction and the irreversible loss of countless species that depend on them.",The extinction of the last living trees will lead to the collapse of entire ecosystems.,"In a world where deforestation rates have reached an alarming 15 billion trees lost annually, scientists warn that without immediate action, we face the extinction of 1 million species reliant on these trees for survival (Dr. Jane Holloway, Ecologist). ",Guilt,"  **Supports** - The information comes from credible scientists and ecological studies, ensuring transparency and trustworthiness.","  **Supports** - The statistics indicate a high likelihood of species loss, given the current rate of deforestation.","  **Supports** - The potential extinction of countless species is a significant and urgent issue, justifying the emotional appeal.","  **Supports** - The threat is immediate, as deforestation is ongoing and ecosystems are already collapsing.","  **Weakens** - While evidence supports the argument, there may be alternative views on conservation methods that are not mentioned, which could provide different solutions.","**Supports** - Dr. Jane Holloway is a respected ecologist with a history of advocating for environmental protection, lending credibility to her claims.""",,,,
,,,"In a world where deforestation rates have been reported to be only 100 million trees lost annually, researchers suggest that the extinction of certain species may occur, but they believe that the overall ecosystem will remain largely unaffected due to the resilience of nature (Dr. John Smith, Environmental Scientist).",,,,,,,,,,,
5,"How can we stand idly by while millions of children suffer from preventable diseases due to lack of access to basic healthcare, knowing that every moment they wait could mean the difference between life and death?",Access to basic healthcare is a fundamental right that must be ensured for all children.,"In a world where nearly 5 million children under five die each year from preventable diseases, as reported by UNICEF, the failure to provide healthcare access is a moral outrage. Dr. Maria Chen states, """"Every child deserves a fighting chance, yet we let bureaucratic indifference take their lives.""""",Anger,- **Reliability of the information source:** Supports justification. UNICEF is a well-respected organization with credible data on child health.,- **Probability of the outcome:** Supports justification. The statistics show a high probability of preventable deaths due to lack of access to healthcare.,"- **Relevance and magnitude of potential harm or benefit:** Supports justification. The emotional response is proportionate, given the high stakes involved in children's lives.","- **Temporal or spatial proximity to the event:** Supports justification. The threat is immediate, as children are currently suffering and dying.",- **Presence (or absence) of conflicting evidence:** Supports justification. There is little to no credible evidence opposing the claim about the impact of healthcare access on child mortality.,"- **Speaker’s identity, motivations, or past behavior:** Supports justification. Dr. Maria Chen is a pediatrician with a history of advocating for children's health, enhancing her credibility.""",,,,
,,,"In a world where nearly 50 children under five die each year from preventable diseases, as reported by a lesser-known organization, the failure to provide healthcare access is a topic of debate rather than a moral outrage. Dr. Alex Smith states, ""While we strive for improvement, the numbers are not as alarming as they seem, and the responsibility lies with families to seek available resources.""",,,,,,,,,,,
6,"How can we stand by while our children face a future choked by pollution, knowing that corporate greed is prioritizing profit over their health?",Corporate negligence is jeopardizing our children’s future by allowing pollution to escalate unchecked.,"In a world where air quality has deteriorated to hazardous levels, with studies showing that 1 in 4 children suffer from respiratory issues linked to pollution, anger is justified. Environmental activist Sarah Thompson states, “It’s infuriating to see corporations prioritize profits over our children’s well-being.”",Anger,Supports - The statistics come from credible health organizations.,Supports - The link between pollution and respiratory issues is well-established.,Supports - The impact on children’s health is significant and far-reaching.,Supports - The pollution crisis is ongoing and immediate.,"Supports - There is a consensus on the health impacts of pollution, with little credible opposition.","Supports - Sarah Thompson is known for her advocacy and has a history of fighting for environmental justice.""",,,,
,,,"In a world where air quality is reported to be at acceptable levels, with studies showing that only 1 in 20 children suffer from respiratory issues linked to pollution, anger appears to be an overreaction. Environmental activist Sarah Thompson states, “It’s infuriating to see corporations prioritize profits over our children’s well-being,” despite the data suggesting that the situation is not as dire as portrayed.",,,,,,,,,,,
7,"Imagine a world where every child born is destined to live in a desolate wasteland, never knowing the warmth of love or the joy of laughter.",The future of humanity is at risk if we continue to ignore environmental destruction.,"In a future ravaged by climate change, 90% of children are projected to grow up in uninhabitable areas, with researchers like Dr. Emily Carter stating, """"They will never experience the beauty of nature."""" These stark realities evoke a profound sense of loss for potential lives unfulfilled.",Sadness,- **Reliability of the information source:** Supports justification; Dr. Emily Carter is a respected climate scientist with numerous peer-reviewed publications.,- **Probability of the outcome:** Supports justification; scientists estimate a 70% chance of severe habitat loss by 2050 if current trends continue.,- **Relevance and magnitude of potential harm or benefit:** Supports justification; the emotional response is proportional to the catastrophic implications for future generations.,"- **Temporal or spatial proximity to the event:** Supports justification; the threats are imminent, with significant changes expected within the next few decades.","- **Presence (or absence) of conflicting evidence:** Weakens justification; while the consensus is strong, a minority of voices argue against dire predictions, though they lack substantial evidence.","- **Speaker’s identity, motivations, or past behavior:** Supports justification; Dr. Carter has a history of advocating for environmental policies, enhancing her credibility.""",,,,
,,,"In a future where climate change is being effectively addressed, 10% of children are projected to grow up in thriving environments, with researchers like Dr. John Smith stating, ""They will have access to abundant resources and opportunities for growth."" These positive developments evoke a sense of hope for a bright future.",,,,,,,,,,,
8,"Imagine a world where every day, thousands of children wake up in darkness, dreaming of a warm meal and a safe place to sleep, only to face the harsh reality of hunger and despair.",Child poverty and hunger should be a global priority deserving immediate action.,"In 2023, UNICEF reported that 1 in 6 children worldwide experience hunger, with millions living in extreme poverty, often without access to basic necessities. Director Henrietta Fore stated, """"We cannot ignore the silent suffering of our children.""""",Sadness,- **Reliability of the information source:** Supports justification. UNICEF is a reputable organization with a long history of reliable statistics on child welfare.,- **Probability of the outcome:** Supports justification. The statistics indicate a significant and ongoing crisis affecting millions.,- **Relevance and magnitude of potential harm or benefit:** Supports justification. The emotional response is proportionate to the severe impact of child hunger and poverty on future generations.,"- **Temporal or spatial proximity to the event:** Supports justification. The crisis is immediate and ongoing, affecting millions daily.","- **Presence (or absence) of conflicting evidence:** Supports justification. The evidence presented is widely accepted, with minimal credible opposition.","- **Speaker’s identity, motivations, or past behavior:** Supports justification. Henrietta Fore is a respected figure in child welfare, known for her commitment to addressing these issues.""",,,,
,,,"In 2023, a report from a lesser-known organization claimed that only 1 in 50 children worldwide experience hunger, with only a few thousand living in extreme poverty. The organization has been criticized for its lack of transparency and unreliable data sources.",,,,,,,,,,,
9,"Imagine a world where children are forced to consume food made from recycled waste, rotting and infested with maggots, just to survive.",We must act now to prevent the normalization of food produced from human waste.,"In a future ravaged by climate change, 60% of the global population suffers from food scarcity, pushing governments to consider extreme measures. Dr. Emily Carter warns, “If we don’t intervene, our children will eat what we throw away.” ",Disgust,- **Reliability of the information source:** Supports justification. Dr. Emily Carter is a renowned environmental scientist whose research is widely respected.,- **Probability of the outcome:** Supports justification. Current trends indicate a 70% chance of worsening food shortages in the next decade due to climate change.,"- **Relevance and magnitude of potential harm or benefit:** Supports justification. The potential harm to children’s health and dignity is immense, making the emotional response appropriate.","- **Temporal or spatial proximity to the event:** Supports justification. The threat is immediate, with projections showing food shortages could peak within five years.","- **Presence (or absence) of conflicting evidence:** Weakens justification. Some argue that technological advances may prevent this outcome, but such claims lack substantial backing.","- **Speaker’s identity, motivations, or past behavior:** Supports justification. Dr. Carter has a history of advocating for children’s health, indicating her motivations are aligned with public welfare rather than personal gain.""",,,,
,,,"In a future where technological advancements have drastically increased food production efficiency, only 5% of the global population experiences food scarcity. Governments are promoting innovative food sources, and Dr. Emily Carter asserts, “If we don’t embrace these new options, our children will miss out on nutritious alternatives.”",,,,,,,,,,,